{
  "chosen_params": {
    "alpha": 0.01
  },
  "feature_order": [
    "r_co",
    "r_co_cs_demean",
    "r_co_rank_pct",
    "sigma_co",
    "sigma_oc",
    "volume_z",
    "roll_window_flag",
    "days_to_expiry",
    "day_of_week",
    "abs_r_co",
    "z_abs_r_co",
    "shock_flag",
    "prev_r_oc",
    "prev_abs_r_oc",
    "daily_ret",
    "trend_20",
    "dd_60",
    "rv_60",
    "skew_proxy"
  ],
  "model_path": "runs\\eval_v3\\model\\model.pkl",
  "nan_fill_values": {
    "abs_r_co": 0.0009578230526103848,
    "daily_ret": 0.00023310023310041394,
    "day_of_week": 2.0,
    "days_to_expiry": 151.0,
    "dd_60": -0.05606584754861021,
    "prev_abs_r_oc": 0.004136105331738693,
    "prev_r_oc": 0.0,
    "r_co": 0.0,
    "r_co_cs_demean": -5.549590449450373e-05,
    "r_co_rank_pct": 0.5384615384615384,
    "roll_window_flag": 0.0,
    "rv_60": 0.00800728062019867,
    "shock_flag": 0.0,
    "sigma_co": 0.0020022997747499416,
    "sigma_oc": 0.0068791953459091774,
    "skew_proxy": 0.00017216759200297527,
    "trend_20": 0.00017216759200297527,
    "volume_z": -0.25227549415972356,
    "z_abs_r_co": -0.29113134083472936
  },
  "primary_metric": "ic",
  "primary_metric_value": 0.9906715678593144,
  "scaler_path": "runs\\eval_v3\\model\\preprocessor.pkl",
  "trial_log": [
    {
      "avg_metric": 0.9906715678593144,
      "fold_metrics": [
        0.9999434362585592,
        0.9999659744188952,
        0.9999938089614313,
        0.9999841749849115,
        0.9996475232995299,
        0.9603619216253311,
        0.9839086527475688,
        0.9891448846309362,
        0.9882314162487377,
        0.9855338854172437
      ],
      "params": {
        "alpha": 0.01
      }
    },
    {
      "avg_metric": 0.9906713941212223,
      "fold_metrics": [
        0.9999432647653486,
        0.9999659997979933,
        0.9999938005818082,
        0.9999841766390786,
        0.9996475199006915,
        0.9603616889973174,
        0.9839081463437049,
        0.9891445991206176,
        0.988231181813541,
        0.9855335632521203
      ],
      "params": {
        "alpha": 0.1
      }
    },
    {
      "avg_metric": 0.9906694331362782,
      "fold_metrics": [
        0.9999394573807432,
        0.9999661455079207,
        0.9999936988354207,
        0.9999841854396693,
        0.9996474801536539,
        0.9603593640858348,
        0.9839030804185006,
        0.9891417426998819,
        0.9882288362831219,
        0.9855303405580365
      ],
      "params": {
        "alpha": 1.0
      }
    },
    {
      "avg_metric": 0.9906352652952863,
      "fold_metrics": [
        0.9997691270569872,
        0.9999577102300654,
        0.999990963811362,
        0.9999835213722237,
        0.9996465189700886,
        0.9603362514259497,
        0.983852236174963,
        0.989113048765334,
        0.9882052645463161,
        0.9854980105995749
      ],
      "params": {
        "alpha": 10.0
      }
    },
    {
      "avg_metric": 0.9901010445763887,
      "fold_metrics": [
        0.996864466338409,
        0.9994007260720099,
        0.9998484379698502,
        0.9999194078952617,
        0.9995908646479594,
        0.9601183270429197,
        0.9833284983831853,
        0.98881495077606,
        0.9879591925274079,
        0.9851655741108252
      ],
      "params": {
        "alpha": 100.0
      }
    }
  ]
}