{
  "7": {
    "rv_hist_20_mean": 0.19999999999999998,
    "rv_hist_20_std": 1.0
  },
  "30": {
    "rv_hist_20_mean": 0.29999999999999993,
    "rv_hist_20_std": 1.0
  }
}