{
  "calibration_score": 0.975,
  "mae": 0.034999999999999976,
  "pinball_loss": 0.034999999999999976,
  "stability": 1.0
}