{
  "chosen_params": {
    "alpha": 0.01
  },
  "data_provider": "yfinance",
  "derived_score_clip": 10.0,
  "estimator": "Ridge",
  "feature_order": [
    "r_co",
    "r_co_cs_demean",
    "r_co_rank_pct",
    "sigma_co",
    "sigma_oc",
    "volume_z",
    "roll_window_flag",
    "days_to_expiry",
    "day_of_week",
    "abs_r_co",
    "z_abs_r_co",
    "shock_flag",
    "prev_r_oc",
    "prev_abs_r_oc",
    "daily_ret",
    "trend_20",
    "dd_60",
    "rv_60",
    "skew_proxy"
  ],
  "nan_fill_values": {
    "abs_r_co": 0.0068791922987592735,
    "daily_ret": 5.178578180331517e-05,
    "day_of_week": 2.0,
    "days_to_expiry": 157.0,
    "dd_60": -0.06779975934658003,
    "prev_abs_r_oc": 0.0013689564135710985,
    "prev_r_oc": 1.0197633599773326e-05,
    "r_co": 3.1681745922607085e-05,
    "r_co_cs_demean": -3.2167804524329364e-06,
    "r_co_rank_pct": 0.5357142857142857,
    "roll_window_flag": 0.0,
    "rv_60": 0.009919617505204039,
    "shock_flag": 0.0,
    "sigma_co": 0.009969559508007162,
    "sigma_oc": 0.0019691614329302607,
    "skew_proxy": 5.9926155686582104e-05,
    "trend_20": 5.9926155686582104e-05,
    "volume_z": -0.00511436564184568,
    "z_abs_r_co": -0.1890724917764406
  },
  "promotion_status": "RESEARCH_ONLY",
  "risk_head_enabled": false,
  "risk_pred_clamp_max": 5.0,
  "risk_pred_clamp_min": 0.05,
  "risk_target_eps": 1e-06,
  "risk_target_name": "none",
  "score_tanh": false
}