{
  "spearman_correlation": 0.9374782887463847,
  "spearman_pvalue": 0.0,
  "monotonicity_ok": true,
  "gate_passed": true,
  "bucket_means": {
    "0": 0.0009511841231825301,
    "1": 0.0021509805102710882,
    "2": 0.004105100250867013,
    "3": 0.007431156033572903,
    "4": 0.02048681268931965
  },
  "bucket_pred_means": {
    "0": 0.0007192918129060283,
    "1": 0.0023021035604001957,
    "2": 0.004384452882831716,
    "3": 0.007823649452639313,
    "4": 0.021337876486483068
  }
}