{
  "modes": [
    {
      "mode": "baseline",
      "sharpe": -0.3852602002060861,
      "mean_daily_ret": -0.0002502274355228371,
      "hit_rate": 0.5072306579898771,
      "max_drawdown": -0.97013746205616,
      "worst_1pct": -0.012858628846969748,
      "n_days": 2766
    },
    {
      "mode": "model_raw",
      "sharpe": 13.179037338065154,
      "mean_daily_ret": 0.008564520289015047,
      "hit_rate": 1.0,
      "max_drawdown": 0.0,
      "worst_1pct": 0.0023732621148511938,
      "n_days": 2766
    }
  ],
  "best_mode": "model_raw",
  "improvement_over_baseline": 13.56429753827124,
  "gate_passed": true
}