{
  "estimator": "Ridge",
  "feature_order": [
    "r_co",
    "r_co_cs_demean",
    "r_co_rank_pct",
    "sigma_co",
    "sigma_oc",
    "volume_z",
    "roll_window_flag",
    "days_to_expiry",
    "day_of_week",
    "abs_r_co",
    "z_abs_r_co",
    "shock_flag",
    "prev_r_oc",
    "prev_abs_r_oc",
    "daily_ret",
    "trend_20",
    "dd_60",
    "rv_60",
    "skew_proxy"
  ],
  "nan_fill_values": {
    "abs_r_co": 0.005826953045599215,
    "daily_ret": 0.0008385241974124824,
    "day_of_week": 2.0,
    "days_to_expiry": 183.0,
    "dd_60": -0.0692405502254072,
    "prev_abs_r_oc": 0.002769809081016872,
    "prev_r_oc": 0.0,
    "r_co": 0.0010610883735031607,
    "r_co_cs_demean": -2.7439235125896813e-06,
    "r_co_rank_pct": 0.6,
    "roll_window_flag": 0.0,
    "rv_60": 0.013194191447223823,
    "shock_flag": 0.0,
    "sigma_co": 0.010601397472523718,
    "sigma_oc": 0.00530208885085967,
    "skew_proxy": 0.0010299438390467819,
    "trend_20": 0.0010299438390467819,
    "volume_z": -0.4758296133276928,
    "z_abs_r_co": -0.28900319562468596
  }
}