{
  "estimator": "Ridge",
  "feature_order": [
    "r_co",
    "r_co_cs_demean",
    "r_co_rank_pct",
    "sigma_co",
    "sigma_oc",
    "volume_z",
    "roll_window_flag",
    "days_to_expiry",
    "day_of_week",
    "abs_r_co",
    "z_abs_r_co",
    "shock_flag",
    "prev_r_oc",
    "prev_abs_r_oc",
    "daily_ret",
    "trend_20",
    "dd_60",
    "rv_60",
    "skew_proxy"
  ],
  "nan_fill_values": {
    "abs_r_co": 0.0008592014189712227,
    "daily_ret": 0.00011968880909640767,
    "day_of_week": 2.0,
    "days_to_expiry": 165.0,
    "dd_60": -0.04680270149329466,
    "prev_abs_r_oc": 0.003140760297195566,
    "prev_r_oc": 0.0,
    "r_co": 0.0,
    "r_co_cs_demean": -6.954026765411403e-05,
    "r_co_rank_pct": 0.5384615384615384,
    "roll_window_flag": 0.0,
    "rv_60": 0.006129772499326244,
    "shock_flag": 0.0,
    "sigma_co": 0.001608554859380809,
    "sigma_oc": 0.005277488707086949,
    "skew_proxy": 5.582915001267619e-05,
    "trend_20": 5.582915001267619e-05,
    "volume_z": -0.2614176089385588,
    "z_abs_r_co": -0.2879799623097031
  }
}