{
  "spearman_correlation": 0.9998827315773876,
  "spearman_pvalue": 0.0,
  "monotonicity_ok": true,
  "gate_passed": true,
  "bucket_means": {
    "0": 0.00034787851281062256,
    "1": 0.0015978797352110313,
    "2": 0.003150558761901011,
    "3": 0.005471040810095777,
    "4": 0.013331227447769082
  },
  "bucket_pred_means": {
    "0": 0.0003523527682975725,
    "1": 0.0015972664995120673,
    "2": 0.0031493327785977942,
    "3": 0.005468231007430754,
    "4": 0.013329592649986828
  }
}