{
  "spearman_correlation": 0.9957178488015291,
  "spearman_pvalue": 0.0,
  "monotonicity_ok": true,
  "gate_passed": true,
  "bucket_means": {
    "0": 2.1751950044445297e-06,
    "1": 0.000803050136727914,
    "2": 0.0027069579652146286,
    "3": 0.005394742566856621,
    "4": 0.012672893942666918
  },
  "bucket_pred_means": {
    "0": 1.8699915691457662e-05,
    "1": 0.0008077978420436189,
    "2": 0.0027168177325804575,
    "3": 0.0054067494504761214,
    "4": 0.01270048551704203
  }
}