{
  "estimator": "Ridge",
  "feature_order": [
    "r_co",
    "r_co_cs_demean",
    "r_co_rank_pct",
    "sigma_co",
    "sigma_oc",
    "volume_z",
    "roll_window_flag",
    "days_to_expiry",
    "day_of_week",
    "abs_r_co",
    "z_abs_r_co",
    "shock_flag",
    "prev_r_oc",
    "prev_abs_r_oc",
    "daily_ret",
    "trend_20",
    "dd_60",
    "rv_60",
    "skew_proxy"
  ],
  "nan_fill_values": {
    "abs_r_co": 0.00692260508236453,
    "daily_ret": 0.0001274157540509524,
    "day_of_week": 2.0,
    "days_to_expiry": 135.0,
    "dd_60": -0.06286090575014422,
    "prev_abs_r_oc": 0.0013613056694720682,
    "prev_r_oc": 5.394081808107742e-06,
    "r_co": 3.819798459658852e-05,
    "r_co_cs_demean": 1.1575812886668456e-05,
    "r_co_rank_pct": 0.5357142857142857,
    "roll_window_flag": 0.0,
    "rv_60": 0.009904010154643615,
    "shock_flag": 0.0,
    "sigma_co": 0.009905956546582214,
    "sigma_oc": 0.0019664237140612573,
    "skew_proxy": 3.200044444321149e-05,
    "trend_20": 3.200044444321149e-05,
    "volume_z": 0.00017039982386675618,
    "z_abs_r_co": -0.18469459302935623
  }
}