{
  "chosen_params": {
    "alpha": 0.01
  },
  "feature_order": [
    "r_co",
    "r_co_cs_demean",
    "r_co_rank_pct",
    "sigma_co",
    "sigma_oc",
    "volume_z",
    "roll_window_flag",
    "days_to_expiry",
    "day_of_week",
    "abs_r_co",
    "z_abs_r_co",
    "shock_flag",
    "prev_r_oc",
    "prev_abs_r_oc",
    "daily_ret",
    "trend_20",
    "dd_60",
    "rv_60",
    "skew_proxy"
  ],
  "model_path": "runs\\integration_test_14root\\20260214_043552_473800e6\\model\\model.pkl",
  "nan_fill_values": {
    "abs_r_co": 0.0068791922987592735,
    "daily_ret": 5.178578180331517e-05,
    "day_of_week": 2.0,
    "days_to_expiry": 157.0,
    "dd_60": -0.06779975934658003,
    "prev_abs_r_oc": 0.0013689564135710985,
    "prev_r_oc": 1.0197633599773326e-05,
    "r_co": 3.1681745922607085e-05,
    "r_co_cs_demean": -3.2167804524329364e-06,
    "r_co_rank_pct": 0.5357142857142857,
    "roll_window_flag": 0.0,
    "rv_60": 0.009919617505204039,
    "shock_flag": 0.0,
    "sigma_co": 0.009969559508007162,
    "sigma_oc": 0.0019691614329302607,
    "skew_proxy": 5.9926155686582104e-05,
    "trend_20": 5.9926155686582104e-05,
    "volume_z": -0.00511436564184568,
    "z_abs_r_co": -0.1890724917764406
  },
  "primary_metric": "ic",
  "primary_metric_value": 0.9999518831481015,
  "scaler_path": "runs\\integration_test_14root\\20260214_043552_473800e6\\model\\preprocessor.pkl",
  "trial_log": [
    {
      "avg_metric": 0.9999518831481015,
      "fold_metrics": [
        0.9999553683140769,
        0.9999539864983529,
        0.999954241141023,
        0.9999526522397677,
        0.9999564168223493,
        0.9999504524121569,
        0.9999511868749068,
        0.9999435405380738,
        0.9999543153826432,
        0.9999495845802399,
        0.9999489698255255
      ],
      "params": {
        "alpha": 0.01
      }
    },
    {
      "avg_metric": 0.9999515058615334,
      "fold_metrics": [
        0.9999545257861305,
        0.9999529284561262,
        0.9999537187394862,
        0.9999521751961332,
        0.9999557192603302,
        0.9999501412396309,
        0.9999513749939356,
        0.9999432098028989,
        0.9999545605858784,
        0.9999494396789221,
        0.9999487707373953
      ],
      "params": {
        "alpha": 0.1
      }
    },
    {
      "avg_metric": 0.9999215987359417,
      "fold_metrics": [
        0.9998099440073248,
        0.9998878422773227,
        0.9999225198778798,
        0.9999245501309584,
        0.9999340616688542,
        0.9999373563020064,
        0.9999461677165757,
        0.9999345196409686,
        0.9999522383084392,
        0.9999444727629152,
        0.9999439134021132
      ],
      "params": {
        "alpha": 1.0
      }
    },
    {
      "avg_metric": 0.9975988750860894,
      "fold_metrics": [
        0.9887679144536785,
        0.9949556855813463,
        0.9974621781570618,
        0.9977301994494918,
        0.9984380075683738,
        0.9989388536344155,
        0.9992548903672882,
        0.999353821704773,
        0.9994902769459114,
        0.9995682122099832,
        0.9996275858746617
      ],
      "params": {
        "alpha": 10.0
      }
    },
    {
      "avg_metric": 0.924991898189843,
      "fold_metrics": [
        0.7520569445046527,
        0.8464631309672231,
        0.9062919167459063,
        0.9200663038763818,
        0.9368551997334477,
        0.9490634570108032,
        0.9636057259017216,
        0.9684497588314116,
        0.9728408390437646,
        0.9781019533275104,
        0.9811156501454512
      ],
      "params": {
        "alpha": 100.0
      }
    }
  ]
}