{
  "chosen_params": {
    "alpha": 0.01
  },
  "feature_order": [
    "r_co",
    "r_co_cs_demean",
    "r_co_rank_pct",
    "sigma_co",
    "sigma_oc",
    "volume_z",
    "roll_window_flag",
    "days_to_expiry",
    "day_of_week",
    "abs_r_co",
    "z_abs_r_co",
    "shock_flag",
    "prev_r_oc",
    "prev_abs_r_oc",
    "daily_ret",
    "trend_20",
    "dd_60",
    "rv_60",
    "skew_proxy"
  ],
  "model_path": "runs\\eval_v3_hybrid\\model\\model.pkl",
  "nan_fill_values": {
    "abs_r_co": 0.0008592014189712227,
    "daily_ret": 0.00011968880909640767,
    "day_of_week": 2.0,
    "days_to_expiry": 165.0,
    "dd_60": -0.04680270149329466,
    "prev_abs_r_oc": 0.003140760297195566,
    "prev_r_oc": 0.0,
    "r_co": 0.0,
    "r_co_cs_demean": -6.954026765411403e-05,
    "r_co_rank_pct": 0.5384615384615384,
    "roll_window_flag": 0.0,
    "rv_60": 0.006129772499326244,
    "shock_flag": 0.0,
    "sigma_co": 0.001608554859380809,
    "sigma_oc": 0.005277488707086949,
    "skew_proxy": 5.582915001267619e-05,
    "trend_20": 5.582915001267619e-05,
    "volume_z": -0.2614176089385588,
    "z_abs_r_co": -0.2879799623097031
  },
  "primary_metric": "ic",
  "primary_metric_value": 0.9999325050020793,
  "scaler_path": "runs\\eval_v3_hybrid\\model\\preprocessor.pkl",
  "trial_log": [
    {
      "avg_metric": 0.9999325050020793,
      "fold_metrics": [
        0.9999810071814464,
        0.9999491045789993,
        0.9999912066825557,
        0.9999908347943689,
        0.9998337419535414,
        0.999821155555642,
        0.9999721640839488,
        0.999964630382947,
        0.9999655194092211,
        0.9998556853981221
      ],
      "params": {
        "alpha": 0.01
      }
    },
    {
      "avg_metric": 0.9999324847790992,
      "fold_metrics": [
        0.9999808199070243,
        0.9999492147614102,
        0.9999911584420148,
        0.9999908177924505,
        0.9998337554167736,
        0.9998211345390395,
        0.9999721511478987,
        0.9999646218231492,
        0.9999655001199883,
        0.9998556738412436
      ],
      "params": {
        "alpha": 0.1
      }
    },
    {
      "avg_metric": 0.9999310789293906,
      "fold_metrics": [
        0.9999673174776218,
        0.9999500789152216,
        0.999990606338027,
        0.9999906251714611,
        0.9998338798245038,
        0.9998209081281658,
        0.9999720090418496,
        0.9999645307623221,
        0.9999652901448141,
        0.9998555434899201
      ],
      "params": {
        "alpha": 1.0
      }
    },
    {
      "avg_metric": 0.9998423792838649,
      "fold_metrics": [
        0.9991239312451601,
        0.9999369780605193,
        0.9999784712643637,
        0.9999865157145579,
        0.9998341288554722,
        0.9998170553051507,
        0.9999693395800104,
        0.999963083566364,
        0.9999615088631263,
        0.9998527803839252
      ],
      "params": {
        "alpha": 10.0
      }
    },
    {
      "avg_metric": 0.9980396058513389,
      "fold_metrics": [
        0.9838016832446895,
        0.9987383653432977,
        0.9994412663135255,
        0.9997864250667187,
        0.9997594088739231,
        0.9996497464197851,
        0.999840222428941,
        0.9999034337539024,
        0.9997793518805035,
        0.9996961551881018
      ],
      "params": {
        "alpha": 100.0
      }
    }
  ]
}