{
  "chosen_params": {
    "alpha": 100.0
  },
  "feature_order": [
    "signal",
    "rolling_std_ret_co",
    "rolling_std_ret_oc",
    "rolling_mean_volume",
    "roll_window_flag",
    "days_to_expiry",
    "ret_co_rank_pct",
    "ret_co_cs_demean"
  ],
  "model_path": "data_lake\\futures\\runs\\20260213_153331_5c8b50b1\\model\\model.pkl",
  "nan_fill_values": {
    "days_to_expiry": 170.0,
    "ret_co_cs_demean": -3.8343411148111795e-06,
    "ret_co_rank_pct": 0.6666666666666666,
    "roll_window_flag": 0.0,
    "rolling_mean_volume": 260635.3,
    "rolling_std_ret_co": 0.0017737494762443782,
    "rolling_std_ret_oc": 0.009158966790501571,
    "signal": -3.948823250676803e-05
  },
  "primary_metric": "ic",
  "primary_metric_value": 0.018427549841208615,
  "scaler_path": "data_lake\\futures\\runs\\20260213_153331_5c8b50b1\\model\\preprocessor.pkl",
  "trial_log": [
    {
      "avg_metric": 0.015639936353754828,
      "fold_metrics": [
        0.011324377725230204,
        0.09490087517538777,
        0.12132925238984417,
        -0.01585548717431237,
        -0.06189999067353001,
        -0.15324412808104385,
        0.043121653482653,
        0.22509902688220004,
        0.26943357205523766,
        0.10305874719722186,
        -0.11448348226281856,
        0.06228566404395368,
        -0.07010305439088761,
        0.036172789892837454,
        0.07478611892777241,
        -0.07227414405738111,
        0.2425300340806771,
        -0.3073990749704603,
        0.03395388135694543,
        -0.2712841194157084,
        0.1692344214547456,
        -0.050956369201338586,
        0.03789849262889832,
        -0.10585164440627742,
        0.05081992841225729,
        0.18141886959943093,
        -0.24943060135598927,
        -0.08166131109813135,
        -0.04662196729869316,
        0.06514090669224339,
        0.025246649498415773,
        0.03566623015297692,
        0.07609813270948734,
        0.05403994865776723,
        0.15626712528146544,
        -0.0030288745027454585,
        0.0947608009948583,
        -0.09084534545860005,
        0.09715138121150307,
        -0.03648138757891946,
        -0.1173157328879646,
        0.18786987000701072,
        0.12524792816608463,
        0.03836072676834913,
        -0.05671135628847194,
        0.22223108909117967,
        -0.05896226712370228,
        -0.08457274546766412,
        0.11938854114525257,
        0.026737317019729954,
        0.009320097487337094,
        -0.05432093832450242,
        -0.09706501778751876,
        0.05467778340878193,
        -0.17045653200316,
        -0.1480505800094208,
        -0.0432150557517097,
        0.015434954755476798,
        0.09902696386859418,
        -0.09108117391549796,
        0.10915730645616423,
        0.2190670526014608,
        0.09894585318502813,
        -0.10221731510125417,
        0.10614177920029251,
        0.0842223018659847,
        -0.07430301324145995
      ],
      "params": {
        "alpha": 0.01
      }
    },
    {
      "avg_metric": 0.015646555114057662,
      "fold_metrics": [
        0.011740832133334128,
        0.09490915724809919,
        0.1213349440359056,
        -0.015845935787298936,
        -0.06190037188941923,
        -0.15324622679725247,
        0.0431261270810466,
        0.2250992566168248,
        0.26943462742155405,
        0.10305449424143232,
        -0.11448280797989187,
        0.062285058204000036,
        -0.07010488993408007,
        0.036172415561913744,
        0.07478703044108317,
        -0.07227438986968265,
        0.24253067930402145,
        -0.30739766641357147,
        0.03395530967514102,
        -0.27128392871368795,
        0.16923432816991435,
        -0.05095627784361712,
        0.03789741824444403,
        -0.10585455550077193,
        0.05082065544447521,
        0.18141966873925183,
        -0.24942994270384927,
        -0.08166133206197862,
        -0.04662192344595981,
        0.0651410254863106,
        0.02524620725884539,
        0.03566611731389172,
        0.07610146780934325,
        0.05403781929248952,
        0.1562650514495781,
        -0.0030271711658758616,
        0.09476801789724065,
        -0.09085185396122855,
        0.09715530820801796,
        -0.03647921923272469,
        -0.11731575729713169,
        0.18786974911327403,
        0.1252483609565465,
        0.038365351754321556,
        -0.056709720031005356,
        0.22222566966465984,
        -0.05897010335505417,
        -0.08456948403287537,
        0.11938633063165814,
        0.02673705087823883,
        0.009320716415088933,
        -0.0543212167754214,
        -0.09706319606595477,
        0.05467870900040266,
        -0.1704565964837709,
        -0.14805386401443255,
        -0.04321552679190519,
        0.015434808213123962,
        0.09902581340987962,
        -0.0910824309516414,
        0.1091595197391376,
        0.21906627389211447,
        0.09894810850227256,
        -0.10221689523810969,
        0.1061425513936971,
        0.08422368160929351,
        -0.07430323547181203
      ],
      "params": {
        "alpha": 0.1
      }
    },
    {
      "avg_metric": 0.01571180133874714,
      "fold_metrics": [
        0.0158437346190952,
        0.0949911458270606,
        0.12139164541244205,
        -0.015750665251278998,
        -0.06190418658647706,
        -0.15326717933040418,
        0.0431707983528286,
        0.2251015456843951,
        0.26944517393911244,
        0.10301200312161897,
        -0.11447607422965805,
        0.06227899559665112,
        -0.07012323405976446,
        0.03616867420555699,
        0.07479614010654961,
        -0.0722768451873358,
        0.24253712937215746,
        -0.3073835847440642,
        0.03396958549467676,
        -0.2712820212534664,
        0.16923339373500415,
        -0.05095536649810967,
        0.037886677724091676,
        -0.10588364863774674,
        0.05082792422134395,
        0.1814276523174165,
        -0.24942335828800014,
        -0.08166154086745744,
        -0.046621484528260135,
        0.0651422130885276,
        0.025241786460220073,
        0.0356649902810352,
        0.07613478553014376,
        0.05401653654559722,
        0.15624432726986215,
        -0.003010150753007783,
        0.09484006445349102,
        -0.09091687969343322,
        0.09719454481695466,
        -0.036457546348788554,
        -0.1173159955858045,
        0.1878685342183319,
        0.12525268068375037,
        0.03841157227003588,
        -0.05669336703563222,
        0.22217148254161787,
        -0.059048413414512266,
        -0.08453688454364525,
        0.11936423643222721,
        0.02673439049571609,
        0.009326902643405443,
        -0.05432399714897792,
        -0.09704498328593734,
        0.054687960305062025,
        -0.1704572330943025,
        -0.14808669428276994,
        -0.04322023496955122,
        0.015433343809361628,
        0.09901430858791138,
        -0.09109499500789678,
        0.10918164342941894,
        0.21905848807243616,
        0.09897065483630747,
        -0.10221269795157481,
        0.10615027096710684,
        0.08423747273533927,
        -0.07430545792994539
      ],
      "params": {
        "alpha": 1.0
      }
    },
    {
      "avg_metric": 0.016279246689676535,