{
  "estimator": "Ridge",
  "feature_order": [
    "r_co",
    "r_co_cs_demean",
    "r_co_rank_pct",
    "sigma_co",
    "sigma_oc",
    "volume_z",
    "roll_window_flag",
    "days_to_expiry",
    "day_of_week",
    "abs_r_co",
    "z_abs_r_co",
    "shock_flag",
    "prev_r_oc",
    "prev_abs_r_oc",
    "daily_ret",
    "trend_20",
    "dd_60",
    "rv_60",
    "skew_proxy"
  ],
  "nan_fill_values": {
    "abs_r_co": 0.0009578230526103848,
    "daily_ret": 0.00023310023310041394,
    "day_of_week": 2.0,
    "days_to_expiry": 151.0,
    "dd_60": -0.05606584754861021,
    "prev_abs_r_oc": 0.004136105331738693,
    "prev_r_oc": 0.0,
    "r_co": 0.0,
    "r_co_cs_demean": -5.549590449450373e-05,
    "r_co_rank_pct": 0.5384615384615384,
    "roll_window_flag": 0.0,
    "rv_60": 0.00800728062019867,
    "shock_flag": 0.0,
    "sigma_co": 0.0020022997747499416,
    "sigma_oc": 0.0068791953459091774,
    "skew_proxy": 0.00017216759200297527,
    "trend_20": 0.00017216759200297527,
    "volume_z": -0.25227549415972356,
    "z_abs_r_co": -0.29113134083472936
  }
}